tau,mean_auc,mean_tau63,mean_mahalanobis,mean_directional,mahalanobis_anomaly_rate,directional_anomaly_rate,combined_anomaly_rate
1.1,5.442512257954869,1.0839498019931415,7.188654937595686,0.0,1.0,0.0,1.0
1.08,5.3461510229161044,1.0604860988712683,4.500065727335968,0.0,0.7,0.0,0.7
1.06,5.2468130394972885,1.0439998404115773,2.4880148307073373,0.0,0.2,0.0,0.2
1.04,5.161090246837732,1.026273283502005,1.1628052327040104,0.0,0.0,0.0,0.0
1.02,5.065504843218539,1.0061225739514745,0.30583478589757496,0.0,0.0,0.0,0.0
1.0,4.968998336307689,0.9907085826129114,0.05872999736502983,0.13415840635593898,0.0,0.0,0.0
0.98,4.870628895628236,0.9684469625262644,0.38865228556319675,0.8104844537388656,0.0,0.0,0.0
0.96,4.770825243623328,0.9521577702751864,1.3790249772449568,1.5101677001203195,0.0,0.0,0.0
0.94,4.6747394732417344,0.9298973941286702,2.9315665954300223,2.3033346468020697,0.2,0.7,0.7
0.92,4.581752608461547,0.9167836742579573,5.011273741810422,2.927659088994788,0.9,1.0,1.0
0.9,4.481669762497629,0.8949588057508322,7.899174827666812,3.75383078908526,1.0,1.0,1.0
0.88,4.383749755506851,0.8722888003926432,11.32393948167029,4.549180276434895,1.0,1.0,1.0
0.85,4.234292513936376,0.8434957795750775,17.78125783299327,5.6949616517513055,1.0,1.0,1.0
0.8,3.9932184953281706,0.7986706924341928,31.242275084155665,7.497257529080104,1.0,1.0,1.0
0.75,3.7467006684266977,0.7487506617644176,48.89176237388576,9.43733994689732,1.0,1.0,1.0
0.7,3.4952241058975515,0.7007645038478382,70.84998421094204,11.33487828189422,1.0,1.0,1.0
0.65,3.2509227240027014,0.6513854331234104,96.22473753333482,13.25943480433375,1.0,1.0,1.0
0.6,2.9994435881335435,0.602589261702661,126.41534726619037,15.183314525421384,1.0,1.0,1.0
