seed,group,tau,auc,tau63,mahalanobis,directional,auc_direction,tau_direction,model_a,model_b,model_c
0,CLEAR_NORMAL,0.98,4.877498552279403,0.9627499198592763,0.48165338423722714,0.9440616142867114,0.5053246921073539,0.7974329358110558,0,0,0
0,CLEAR_NORMAL,1.0,4.972580858855754,1.0031716065798582,0.1316404513496649,0.0,-0.05801940384292278,-0.3156536156897611,0,0,0
0,CLEAR_NORMAL,1.02,5.061314656715462,0.9925189674700641,0.4477436111854974,0.0,-0.5837498255736077,-0.02231332504162414,0,0,0
0,DEGRADATION,0.6,3.0002307622008986,0.5991188023494867,164.92917876222936,15.876905728789092,11.627769699361494,10.810694119225953,1,1,1
0,DEGRADATION,0.7,3.4948540893152926,0.700801319391835,92.56673742900512,11.82423886001849,8.697223091035111,8.010676321231372,1,1,1
0,DEGRADATION,0.8,3.983166382208249,0.8048842396583715,41.476434574743536,7.755881222994375,5.804068127863364,5.144558942447582,1,1,1
0,DEGRADATION,0.85,4.241141871769665,0.84060748762163,22.90452473286396,5.966034507881883,4.275613737375831,4.160852667182593,1,1,1
0,DEGRADATION,0.88,4.393100998757989,0.8738354511137881,14.372143929611312,4.682750424668096,3.37528558909002,3.2458587048438297,1,1,1
0,DEGRADATION,0.9,4.474252832526456,0.8998626713533802,10.58813898321733,3.8437740631889676,2.894476823767382,2.5291506411279094,1,1,1
0,WRONG_DIRECTION,1.04,5.158777963462658,1.0191248002743527,1.4240082050730138,0.0,-1.1612008825032618,-0.754954565142419,0,0,0
0,WRONG_DIRECTION,1.06,5.230293483914597,1.0588880810189627,3.0829075488525968,0.0,-1.5849163734927427,-1.849910679822327,0,0,0
0,WRONG_DIRECTION,1.08,5.33708254775405,1.0590516325551118,5.491394342627163,0.0,-2.21762071978145,-1.8544143764796013,1,0,0
0,WRONG_DIRECTION,1.1,5.4416505216189535,1.0834556029774602,9.170488829551374,0.0,-2.8371655417717867,-2.5264232282653074,1,0,0
1,CLEAR_NORMAL,0.98,4.865847013907769,0.9652858558505799,0.40271396155246914,0.9540981357116377,0.6396501299250551,0.7079201677133395,0,0,0
1,CLEAR_NORMAL,1.0,4.972409830371299,0.9854057738989518,0.009380136773149458,0.21989090088819127,0.007070012198485985,0.21977721269716208,0,0,0
1,CLEAR_NORMAL,1.02,5.058050704894168,1.013022020140987,0.24467873274252913,0.0,-0.5013128955151397,-0.45023923640722824,0,0,0
1,DEGRADATION,0.6,3.008657928830541,0.6042593391480076,124.07588884010597,15.022690202818154,11.664329554391305,9.467028941352302,1,1,1
1,DEGRADATION,0.7,3.4920710289801202,0.6987698340647821,70.60463985062906,11.34959909877965,8.794683969265064,7.174045830894305,1,1,1
1,DEGRADATION,0.8,3.9947464146196956,0.7972258240043375,30.880831862021548,7.5275241395129155,5.810693256754594,4.785338394184506,1,1,1
1,DEGRADATION,0.85,4.234740172122642,0.8525024435513403,17.536923047064153,5.576744853002536,4.386037974423419,3.444234899423381,1,1,1
1,DEGRADATION,0.88,4.389005885642659,0.8936006477150742,10.998749055566153,4.246325248538238,3.4702830567306884,2.4471235405147076,1,1,1
1,DEGRADATION,0.9,4.490215423753037,0.893369138073948,7.5843660908217805,3.77489833028248,2.8694811667503677,2.452740352673801,1,1,1
1,WRONG_DIRECTION,1.04,5.159590952384137,1.0345842678541715,1.137803450539993,0.0,-1.1040779484937495,-0.9733755280262899,0,0,0
1,WRONG_DIRECTION,1.06,5.260940394787303,1.0431039356804848,2.5881558285994015,0.0,-1.7057103408663623,-1.1800769578479369,1,0,0
1,WRONG_DIRECTION,1.08,5.352612292715102,1.064372235765453,4.544372247114195,0.0,-2.249894718756105,-1.696081587026203,1,0,0
1,WRONG_DIRECTION,1.1,5.451074387190449,1.0778294445334695,7.194799781149729,0.0,-2.834387184156887,-2.0225760408552906,1,0,0
2,CLEAR_NORMAL,0.98,4.867216481859814,0.978072452873199,0.36584667324761494,0.7022077655117113,0.5889234802454493,0.3824459182166001,0,0,0
2,CLEAR_NORMAL,1.0,4.978161430349688,0.9828074268075814,0.02047225765329106,0.2580652506742498,-0.06154031225715775,0.2580652506742498,0,0,0
2,CLEAR_NORMAL,1.02,5.070333987475415,1.0107431763698944,0.21757608516051716,0.0,-0.6019426639526507,-0.4757650147102302,0,0,0
2,DEGRADATION,0.6,2.9961900933960184,0.5996640686417585,107.80294094765647,15.497085888312835,11.558642580378203,10.322666938771818,1,1,1
2,DEGRADATION,0.7,3.503213241696408,0.7031626769302369,59.70473939878488,11.469037357276022,8.585995295223226,7.603913643183857,1,1,1
2,DEGRADATION,0.8,3.98890738683131,0.7884481626496569,27.071795501639574,7.854765214866816,5.738398717452095,5.3635917760606935,1,1,1
2,DEGRADATION,0.85,4.23983504527649,0.8465451595015245,15.035294229264963,5.738935970765165,4.2672244226535545,3.837470756012526,1,1,1
2,DEGRADATION,0.88,4.384747172189179,0.866734672486927,9.820492468108927,4.755747909459365,3.4176130348953295,3.3071225139145755,1,1,1
2,DEGRADATION,0.9,4.472922855595944,0.8794343857786852,7.205999375276675,4.153980982476065,2.900644121790574,2.973520082577987,1,1,1
2,WRONG_DIRECTION,1.04,5.163124944025378,1.0409242938602161,0.9865780058281002,0.0,-1.1459706555735774,-1.2685777297626895,0,0,0
2,WRONG_DIRECTION,1.06,5.25514192552197,1.0367881372960017,2.032949852722226,0.0,-1.685460876386818,-1.1599270969089384,0,0,0
2,WRONG_DIRECTION,1.08,5.351577032427146,1.051567335699431,3.721386360403518,0.0,-2.2508543099928566,-1.5481544849862408,0,0,0
2,WRONG_DIRECTION,1.1,5.435919534197798,1.0836760350840107,5.659309668709155,0.0,-2.74534950168609,-2.391601886960502,1,0,0
3,CLEAR_NORMAL,0.98,4.866900270743292,0.9820881761466524,0.4731321254557418,0.5724409485610954,0.5053978669518104,0.26881524448975497,0,0,0
3,CLEAR_NORMAL,1.0,4.972629807375145,0.9881084269525527,0.015277568778569471,0.13218620352933433,0.010688785396401413,0.13175333874421655,0,0,0
3,CLEAR_NORMAL,1.02,5.064735364029536,1.0130832386100501,0.13483933383538155,0.0,-0.42027361915192346,-0.43684345095391197,0,0,0
3,DEGRADATION,0.6,3.011604694357086,0.5931907695659386,101.08332139492396,12.946570061469954,9.186336040394252,9.122768577000285,1,1,1
3,DEGRADATION,0.7,3.498032595998549,0.69527816627578,57.53163645890293,9.693979368135405,6.910337221806073,6.7985642212717545,1,1,1
3,DEGRADATION,0.8,3.995094723273642,0.7955745836376904,25.65957929171973,6.434657952748092,4.584580803176723,4.515134751921335,1,1,1
3,DEGRADATION,0.85,4.237969858016258,0.8402403139184987,14.732820518488756,4.911977883819333,3.448166716169671,3.4982385608517195,1,1,1
3,DEGRADATION,0.88,4.381572677568422,0.8711867753516042,9.662549600660768,3.938557893308427,2.776248336192436,2.7936863558264453,1,1,1
3,DEGRADATION,0.9,4.493316339922686,0.8951702766012039,6.456322069074766,3.1827309889033786,2.2533991274098337,2.247658541752834,1,1,1
3,WRONG_DIRECTION,1.04,5.1502394705964605,1.0304816466869304,0.6336961557929217,0.0,-0.820347802548992,-0.8329497004840212,0,0,0
3,WRONG_DIRECTION,1.06,5.248378977498573,1.0509232214593593,1.6724771203012858,0.0,-1.2795430933871275,-1.298339147714873,0,0,0
3,WRONG_DIRECTION,1.08,5.343811035849974,1.0530096750829716,3.1504369926040425,0.0,-1.726070217613079,-1.3458410407625354,0,0,0
3,WRONG_DIRECTION,1.1,5.4374223416928436,1.0844273897845829,5.033764913824486,0.0,-2.1640780308694607,-2.0611221793742502,1,0,0
4,CLEAR_NORMAL,0.98,4.865414058439367,0.9739854854190387,0.3404277258082947,0.7203447006227548,0.6040624019637035,0.3924348382204711,0,0,0
4,CLEAR_NORMAL,1.0,4.959062268851384,0.993924459468487,0.03424802437617612,0.011254838592532393,0.011254838592532393,-0.10309394798237399,0,0,0
4,CLEAR_NORMAL,1.02,5.061860639588705,1.0088547899915519,0.463204367860349,0.0,-0.6394746457959622,-0.4741465680095507,0,0,0
4,DEGRADATION,0.6,2.996459699549089,0.602916247092806,154.25503859882573,15.71816478297108,12.434830706784378,9.614348102614374,1,1,1
4,DEGRADATION,0.7,3.4965195212918245,0.6940775221213801,85.59654351051647,11.829029280798977,9.269375188062664,7.3487833924349575,1,1,1
4,DEGRADATION,0.8,3.9833370662958316,0.7941610083321253,37.97004613741627,7.869065649841648,6.187745316114495,4.86148147218735,1,1,1
4,DEGRADATION,0.85,4.238046870252418,0.8522293098583833,20.680641409173933,5.711335627185813,4.575393114337916,3.4183523071256343,1,1,1
4,DEGRADATION,0.88,4.375164840382903,0.8679105974112924,13.53960467531644,4.787229721107822,3.7074152916990064,3.02863669949607,1,1,1
4,DEGRADATION,0.9,4.482510226271885,0.882763822040243,9.068601528227887,4.030029231020096,3.0279025026343285,2.6595003360438216,1,1,1
4,WRONG_DIRECTION,1.04,5.16919598548295,1.0255083244655157,1.8495678337085788,0.0,-1.3189238801510457,-0.8880247195836974,0,0,0
4,WRONG_DIRECTION,1.06,5.258287454380372,1.0382507250681285,3.729744240548731,0.0,-1.8828865694739565,-1.2047023123356626,1,0,0
4,WRONG_DIRECTION,1.08,5.35229510462827,1.0685381503018163,6.372479909998777,0.0,-2.477969442243457,-1.9574136116251089,1,0,0
4,WRONG_DIRECTION,1.1,5.450559952193463,1.0901991208339348,9.92643153450811,0.0,-3.100001028259607,-2.4957379210473025,1,0,0
5,CLEAR_NORMAL,0.98,4.8647156059844585,0.9712082851670175,0.44268661907647205,0.6616400487358094,0.5359272377652902,0.3880071518830425,0,0,0
5,CLEAR_NORMAL,1.0,4.965336322026891,0.9955743128106482,0.042714213281204505,0.06935582656920834,0.06935582656920834,-0.13074497661702825,0,0,0
5,CLEAR_NORMAL,1.02,5.06222691838097,1.0054229247328428,0.1456908621662191,0.0,-0.37991927353531424,-0.34042168191064165,0,0,0
5,DEGRADATION,0.6,2.9879768609615582,0.6002866578920633,112.22682103661582,12.409065811839609,9.238237051804344,8.284919462326476,1,1,1
5,DEGRADATION,0.7,3.504828323070037,0.6982898546242955,61.829474581233654,9.231928848059237,6.841632003267251,6.198433817303987,1,1,1
5,DEGRADATION,0.8,3.985573695748994,0.7929811521070245,28.300362558924068,6.226366439337723,4.612448433730566,4.182458425745266,1,1,1
5,DEGRADATION,0.85,4.2434969574884205,0.846428714434407,15.619802821323383,4.576205808433353,3.416475825472517,3.04456113998406,1,1,1
5,DEGRADATION,0.88,4.377278377768985,0.8831964404314195,10.52054279194335,3.596392294191221,2.7961404859208003,2.2617771589421856,1,1,1
5,DEGRADATION,0.9,4.473401186343225,0.8992124372277943,7.475657552144454,3.035450771014541,2.3504255654892954,1.9207969815540369,1,1,1
5,WRONG_DIRECTION,1.04,5.140287833372974,1.0202900195834168,0.6286629760780209,0.0,-0.7418824228704624,-0.6569417651653171,0,0,0
5,WRONG_DIRECTION,1.06,5.2562644470123825,1.0519099039304685,2.0134138415795104,0.0,-1.2796580859721076,-1.330128324249224,0,0,0
5,WRONG_DIRECTION,1.08,5.347616529118037,1.0526010228352813,3.603560235177357,0.0,-1.703251472504572,-1.3448422287133368,1,0,0
5,WRONG_DIRECTION,1.1,5.443044629794397,1.0751422768398826,5.731417943730914,0.0,-2.145745079701273,-1.8247449713749744,1,0,0
6,CLEAR_NORMAL,0.98,4.874964591405662,0.970515961698855,0.19519097824572856,0.5803410315621768,0.4055461977414668,0.4151240711065676,0,0,0
6,CLEAR_NORMAL,1.0,4.9708822825155705,0.9922040324284823,0.006850421100288932,0.0,-0.18247460410700247,-0.16020269299494394,0,0,0
6,CLEAR_NORMAL,1.02,5.072263970146061,1.0014171212486722,0.35850376589988175,0.0,-0.8039922883152432,-0.40460140620362,0,0,0
6,DEGRADATION,0.6,3.0053734724868355,0.594250830555204,105.36401016052402,15.776949537697847,11.867023805826369,10.396436057948636,1,1,1
6,DEGRADATION,0.7,3.4977172922769704,0.706378410287898,58.668208554433015,11.549278777701785,8.848723382326856,7.42198994799473,1,1,1
6,DEGRADATION,0.8,3.983217913080778,0.79038357616379,26.298059154803823,7.839503700015629,5.87237500446758,5.193556591533699,1,1,1
6,DEGRADATION,0.85,4.238751648042961,0.8488310101948432,14.255078917095277,5.640246734430972,4.305832378252565,3.643101804184328,1,1,1
6,DEGRADATION,0.88,4.379789089931129,0.8736152408277817,9.237216588350114,4.555870830003315,3.4412061689466387,2.9856421624968204,1,1,1
6,DEGRADATION,0.9,4.487283463940659,0.8883312699284274,6.183089475454415,3.8047496983868605,2.7822148268087834,2.5952650972223004,1,1,1
6,WRONG_DIRECTION,1.04,5.162110805427272,1.0242352725521202,1.1279038495539608,0.0,-1.3547958732875585,-1.0099061986791384,0,0,0
6,WRONG_DIRECTION,1.06,5.244932007861838,1.0496802416197275,2.288524181672125,0.0,-1.8625290067907778,-1.6848934715826478,0,0,0
6,WRONG_DIRECTION,1.08,5.3386568991477645,1.057908185858553,3.947741132387847,0.0,-2.4371069088376487,-1.9031589223525296,0,0,0
6,WRONG_DIRECTION,1.1,5.445065811730592,1.060409474136525,6.495394327835662,0.0,-3.08944385916186,-1.969511439779764,1,0,0
7,CLEAR_NORMAL,0.98,4.878165145425575,0.9631282590179162,0.49377419627830565,1.3464245765526408,0.8213330856359689,1.0668978877027813,0,0,0
7,CLEAR_NORMAL,1.0,4.974067479329665,0.9902311317959493,0.004382143218429798,0.21973861215875556,0.18454593125210966,0.1192805806984004,0,0,0
7,CLEAR_NORMAL,1.02,5.0791738785366265,1.01477620618789,0.37533415315673613,0.0,-0.5133557999557147,-0.738906574810984,0,0,0
7,DEGRADATION,0.6,2.986887106796097,0.5991934808263373,155.97498648067094,19.214828140586267,13.37933361951235,13.79141226887415,1,1,1
7,DEGRADATION,0.7,3.496560814947725,0.6999092638660943,86.47170990802688,14.330934004541442,9.995123276907709,10.270013637865333,1,1,1
7,DEGRADATION,0.8,3.988044827338544,0.8087365682509507,38.41757459114238,9.333379665813709,6.731691690472002,6.465006030210259,1,1,1
7,DEGRADATION,0.85,4.24780357876618,0.8533824266680708,21.028982918817107,7.008460577929179,5.006905343631547,4.904020651700119,1,1,1
7,DEGRADATION,0.88,4.383158475301901,0.873349472652086,14.095652576743094,5.8793297744030175,4.108154959901547,4.205898408380563,1,1,1
7,DEGRADATION,0.9,4.49400240965026,0.9009367879416161,9.286625592973234,4.677365013811434,3.3721562551672815,3.241343188118686,1,1,1
7,WRONG_DIRECTION,1.04,5.171827241614933,1.0362762689581857,1.4478255209082624,0.0,-1.1285699351793113,-1.49062879074249,0,0,0
7,WRONG_DIRECTION,1.06,5.257899711634035,1.043209150069008,2.9447056456075105,0.0,-1.7000872384919563,-1.7330281179954912,0,0,0
7,WRONG_DIRECTION,1.08,5.353865045902,1.0634236019138237,5.373772910743336,0.0,-2.3372927124391043,-2.439800591033095,1,0,0
7,WRONG_DIRECTION,1.1,5.449433250918166,1.0788296740623102,8.467964535197593,0.0,-2.971861266137486,-2.9784542134895506,1,0,0
8,CLEAR_NORMAL,0.98,4.8772944114942085,0.9752398953019474,0.06927771043918324,0.26963364772741993,0.22261763631685463,0.1521305097194216,0,0,0
8,CLEAR_NORMAL,1.0,4.955848270239004,0.985529690777385,0.026457418179977595,0.0,-0.18659172976659147,-0.19575668624731601,0,0,0
8,CLEAR_NORMAL,1.02,5.069359470586987,1.014105258257171,0.6018975795025964,0.0,-0.7779038190768626,-1.1618666606808346,0,0,0
8,DEGRADATION,0.6,2.9992717235458097,0.5973167757718616,105.07573650101435,16.348781126131605,10.005771333736071,12.929314921028976,1,1,1
8,DEGRADATION,0.7,3.491533804060569,0.7049228924458062,58.06119563807001,11.903890473721347,7.441438312632779,9.291264943463556,1,1,1
8,DEGRADATION,0.8,3.986153528895868,0.8101291410749067,24.871547609537767,7.519926987296474,4.8648236524951445,5.734351988184334,1,1,1
8,DEGRADATION,0.85,4.24375829620899,0.8485020953714947,13.136968381923467,5.665485584203689,3.522887238209697,4.437002638232152,1,1,1
8,DEGRADATION,0.88,4.401149419986321,0.882508761806297,7.757080882088823,4.255858287810984,2.702992162178826,3.287272902746177,1,1,1
8,DEGRADATION,0.9,4.47876498650712,0.8854221262335354,5.724709923153171,3.9309252509458883,2.2986706268438315,3.188775106182526,1,1,1
8,WRONG_DIRECTION,1.04,5.156926424052534,1.0302330651502927,1.5282482682527554,0.0,-1.2340649560352586,-1.707130901406917,0,0,0
8,WRONG_DIRECTION,1.06,5.258671230716446,1.0429619166065462,3.1252636249830967,0.0,-1.764082558002909,-2.1374800226857245,1,0,0
8,WRONG_DIRECTION,1.08,5.34608788427309,1.0653849176178332,5.006556130528416,0.0,-2.219460740038056,-2.8955781759091486,1,0,0
8,WRONG_DIRECTION,1.1,5.447670547334259,1.075634444806128,7.678504922780968,0.0,-2.748633689916643,-3.2421039433096994,1,0,0
9,CLEAR_NORMAL,0.98,4.8751502381426,0.9813931276881387,0.5666654626831177,0.6605293922838444,0.636950969123394,0.1749072354239071,0,0,0
9,CLEAR_NORMAL,1.0,4.97377731734079,0.9827384597128143,0.059177833719279774,0.1941831418852792,0.13065488382791218,0.14365372923928302,0,0,0
9,CLEAR_NORMAL,1.02,5.062751242863081,1.0008745738744944,0.14693522501391293,0.0,-0.3260873268461567,-0.27766765887961464,0,0,0
9,DEGRADATION,0.6,3.000469359679314,0.5982464994457204,134.75765137645595,13.698484883047717,10.260510722291844,9.075814443278407,1,1,1
9,DEGRADATION,0.7,3.501388948560849,0.7011458241083772,75.58969895668434,10.189001337162217,7.689070617197482,6.685352742559196,1,1,1
9,DEGRADATION,0.8,3.989772309211425,0.7936531006567363,34.439388773747055,6.887021611401889,5.181984473807196,4.53630946796378,1,1,1
9,DEGRADATION,0.85,4.235221827475946,0.842399702150901,19.747683149696265,5.193102830431513,3.921984367900484,3.403873620653392,1,1,1
9,DEGRADATION,0.88,4.3965352042754295,0.8739882002443484,12.30992168393165,4.086719415081792,3.0938920037815567,2.6700389222898995,1,1,1
9,DEGRADATION,0.9,4.484112206511473,0.8844589245197719,9.127468839417094,3.5891162821052656,2.644320813450327,2.4267927645405827,1,1,1
9,WRONG_DIRECTION,1.04,5.156591521278008,1.0359955940982022,0.9134239300622757,0.0,-0.8078106627774874,-1.0935666359642189,0,0,0
9,WRONG_DIRECTION,1.06,5.2527823975909,1.0430890930994308,2.1333856007416347,0.0,-1.3016006494047376,-1.258356227558892,0,0,0
9,WRONG_DIRECTION,1.08,5.351491420360912,1.050350757375642,4.150233484593724,0.0,-1.808317387019704,-1.4270524788965233,1,0,0
9,WRONG_DIRECTION,1.1,5.439546686390035,1.0935517528180423,6.685399693117126,0.0,-2.260343715312466,-2.4306579483839306,1,0,0
