seed,tau,auc,tau63,mahalanobis_score,mahalanobis_threshold,mahalanobis_decision,directional_score,auc_direction,tau63_direction
0,1.1,5.4416505216189535,1.0834556029774602,9.170488829551374,3.368493680169945,ANOMALOUS,0.0,-2.8371655417717867,-2.5264232282653074
0,1.08,5.33708254775405,1.0590516325551118,5.491394342627163,3.368493680169945,ANOMALOUS,0.0,-2.21762071978145,-1.8544143764796013
0,1.06,5.230293483914597,1.0588880810189627,3.0829075488525968,3.368493680169945,NORMAL,0.0,-1.5849163734927427,-1.849910679822327
0,1.04,5.158777963462658,1.0191248002743527,1.4240082050730138,3.368493680169945,NORMAL,0.0,-1.1612008825032618,-0.754954565142419
0,1.02,5.061314656715462,0.9925189674700641,0.4477436111854974,3.368493680169945,NORMAL,0.0,-0.5837498255736077,-0.02231332504162414
0,1.0,4.972580858855754,1.0031716065798582,0.1316404513496649,3.368493680169945,NORMAL,0.0,-0.05801940384292278,-0.3156536156897611
0,0.98,4.877498552279403,0.9627499198592763,0.48165338423722714,3.368493680169945,NORMAL,0.9440616142867114,0.5053246921073539,0.7974329358110558
0,0.96,4.770145041785723,0.9532681412712742,1.781599631807786,3.368493680169945,NORMAL,1.556670058776355,1.1413732745803444,1.0585313977225814
0,0.94,4.687661388982386,0.9413858872913745,3.5045081059038945,3.368493680169945,ANOMALOUS,2.1394833366197994,1.6300728075671593,1.3857314276958246
0,0.92,4.599317199589373,0.9125446743135053,6.03286140843135,3.368493680169945,ANOMALOUS,3.0642497284183188,2.1534948752270675,2.1799280310327904
0,0.9,4.474252832526456,0.8998626713533802,10.58813898321733,3.368493680169945,ANOMALOUS,3.8437740631889676,2.894476823767382,2.5291506411279094
0,0.88,4.393100998757989,0.8738354511137881,14.372143929611312,3.368493680169945,ANOMALOUS,4.682750424668096,3.37528558909002,3.2458587048438297
0,0.85,4.241141871769665,0.84060748762163,22.90452473286396,3.368493680169945,ANOMALOUS,5.966034507881883,4.275613737375831,4.160852667182593
0,0.8,3.983166382208249,0.8048842396583715,41.476434574743536,3.368493680169945,ANOMALOUS,7.755881222994375,5.804068127863364,5.144558942447582
0,0.75,3.7510630409728845,0.7421193441558029,63.58528968909745,3.368493680169945,ANOMALOUS,9.938725926911898,7.17923509260542,6.87290742956528
0,0.7,3.4948540893152926,0.700801319391835,92.56673742900512,3.368493680169945,ANOMALOUS,11.82423886001849,8.697223091035111,8.010676321231372
0,0.65,3.2569215618442127,0.6458094987907194,125.04012259644276,3.368493680169945,ANOMALOUS,13.8879512279979,10.106926845726074,9.524978690075375
0,0.6,3.0002307622008986,0.5991188023494867,164.92917876222936,3.368493680169945,ANOMALOUS,15.876905728789092,11.627769699361494,10.810694119225953
1,1.1,5.45345825521864,1.0785417927002832,7.2682284278207385,2.5414974825915455,ANOMALOUS,0.0,-2.8485383446457253,-2.0398588020630037
1,1.08,5.346248760278934,1.0652330534946572,4.4089372768198025,2.5414974825915455,ANOMALOUS,0.0,-2.212119402457053,-1.7169664688161694
1,1.06,5.253512983946239,1.055780477623006,2.578538585301012,2.5414974825915455,ANOMALOUS,0.0,-1.6616196103454406,-1.4876311252323093
1,1.04,5.159823435979288,1.0281913805906764,1.089186969902938,2.5414974825915455,NORMAL,0.0,-1.105458021814545,-0.8182733614873812
1,1.02,5.063494202227055,1.0189129371373318,0.32232912265345093,2.5414974825915455,NORMAL,0.0,-0.5336266828000381,-0.5931627624095359
1,1.0,4.975886158207716,0.9812028972030303,0.039152069204011326,2.5414974825915455,NORMAL,0.32174604999477446,-0.013566227955412364,0.32174604999477446
1,0.98,4.871224766509942,0.964907158381038,0.3737428448912593,2.5414974825915455,NORMAL,0.9399869841951332,0.6077266176992719,0.7171080034388576
1,0.96,4.771368543882058,0.9574495271955519,1.3392176835727132,2.5414974825915455,NORMAL,1.4992226887317932,1.2004949318447196,0.8980426432098476
1,0.94,4.67067130347694,0.9429542576184946,2.9891616837748263,2.5414974825915455,ANOMALOUS,2.1898696678231113,1.798255710924829,1.24972219320053
1,0.92,4.582214084619521,0.9199490741443173,4.943268693906241,2.5414974825915455,ANOMALOUS,2.943869795322238,2.3233570527961906,1.807866526332294
1,0.9,4.482366816407323,0.8951738485319847,7.799584441561091,2.5414974825915455,ANOMALOUS,3.7823989183310096,2.9160722115773474,2.408955050277607
1,0.88,4.379472573951646,0.8772582195385932,11.372549158490108,2.5414974825915455,ANOMALOUS,4.530453747956663,3.526874873951368,2.843618256001515
1,0.85,4.225395569302928,0.8400573905728234,18.111617688903507,2.5414974825915455,ANOMALOUS,5.8104059773526835,4.441509574630473,3.746172756310315
1,0.8,3.991098253998353,0.8013992305296876,31.027699502658777,2.5414974825915455,ANOMALOUS,7.48043776664878,5.832349533793069,4.684084552649447
1,0.75,3.755134909441432,0.7509889060548549,47.779909181656635,2.5414974825915455,ANOMALOUS,9.33871225257051,7.233079405924938,5.907123567684622
1,0.7,3.50013160530555,0.6973439684653373,69.9292890594185,2.5414974825915455,ANOMALOUS,11.334531427780652,8.746834630348339,7.208639721659442
1,0.65,3.2423725752719554,0.6549831286060598,96.1997135237481,2.5414974825915455,ANOMALOUS,13.170182341999615,10.276948444668747,8.23638474011135
1,0.6,2.9948182566383053,0.6074499297867981,125.62152868173935,2.5414974825915455,ANOMALOUS,15.038113840063549,11.746484866677536,9.389619861508052
2,1.1,5.442181206864401,1.0672612034875937,5.764902124173086,3.9690086512545193,ANOMALOUS,0.0,-2.7820613250324233,-1.9604088667134068
2,1.08,5.346894830343137,1.056183194663789,3.624294324386938,3.9690086512545193,NORMAL,0.0,-2.2234028309820206,-1.6694061808190848
2,1.06,5.237380697943396,1.0506357725221211,1.8396314127495788,3.9690086512545193,NORMAL,0.0,-1.5813278301551952,-1.5236837167291408
2,1.04,5.157387444202928,1.0361780763567472,0.8963512233906952,3.9690086512545193,NORMAL,0.0,-1.11233202718362,-1.1439017105145168
2,1.02,5.065586070463469,0.9995492026986705,0.20419600496258955,3.9690086512545193,NORMAL,0.0,-0.5741059021341565,-0.18171610610521785
2,1.0,4.962957843003523,0.9946055067338342,0.019911092789574345,3.9690086512545193,NORMAL,0.027597437766078363,0.027597437766078363,-0.05185262369663413
2,0.98,4.859650655510007,0.9692273323431293,0.4049201919821961,3.9690086512545193,NORMAL,0.8826194347957006,0.6332814809286501,0.6147939757283717
2,0.96,4.791714548821938,0.9568620224530062,0.9812264281662001,3.9690086512545193,NORMAL,1.3953646663833426,1.0315869306645307,0.9396121309738554
2,0.94,4.6710091176126465,0.9226396778622069,2.6915915943387323,3.9690086512545193,NORMAL,2.5309017493356363,1.7392758667428074,1.8385818241667247
2,0.92,4.585167860155701,0.9113949806344165,4.312085721963862,3.9690086512545193,ANOMALOUS,3.095620448402697,2.242558176020132,2.1339631645682577
2,0.9,4.4926670058618905,0.8940800957511584,6.547078646148823,3.9690086512545193,ANOMALOUS,3.8022976868052334,2.7848853149540362,2.5887992354830818
2,0.88,4.3676006622372885,0.8706335561885127,10.31009225870822,3.9690086512545193,ANOMALOUS,4.758934274930875,3.5181420273668396,3.2047046834906645
2,0.85,4.234980044997172,0.841204687653472,15.282906720405283,3.9690086512545193,ANOMALOUS,5.854527681295101,4.295689007452335,3.97775694610716
2,0.8,3.996047567538521,0.804012053811599,26.479538069509818,3.9690086512545193,ANOMALOUS,7.54984036521837,5.696536252462169,4.9547516854697085
2,0.75,3.735556306350408,0.7515990883200024,42.36522073706518,3.9690086512545193,ANOMALOUS,9.605815503231419,7.223781394963378,6.331561722032095
2,0.7,3.4875408503661283,0.702301695118326,60.935001654362054,3.9690086512545193,ANOMALOUS,11.55290415598711,8.677881615790666,7.626530344773213
2,0.65,3.259702122140092,0.6514098308619973,81.09386378014283,3.9690086512545193,ANOMALOUS,13.4393513663291,10.013686853055745,8.963383332011992
2,0.6,2.9933286429815347,0.6010565840002965,108.05819055793091,3.9690086512545193,ANOMALOUS,15.485280959388456,11.575419098047533,10.28608764768
3,1.1,5.4485794099022105,1.0759798218843244,5.290262772176167,3.7415207878984447,ANOMALOUS,0.0,-2.2162820141889537,-1.8687980067352148
3,1.08,5.335052265219273,1.0610076473428558,2.9685885270011556,3.7415207878984447,NORMAL,0.0,-1.6850878818126676,-1.527929354918036
3,1.06,5.2466398760699855,1.0327754322583635,1.6663837431655564,3.7415207878984447,NORMAL,0.0,-1.2714058282682599,-0.8851718805772684
3,1.04,5.164110258441527,1.020086500037424,0.7545959408510376,3.7415207878984447,NORMAL,0.0,-0.8852492949217051,-0.5962853726641044
3,1.02,5.0637298954513135,1.0071015518745574,0.12204493477798915,3.7415207878984447,NORMAL,0.0,-0.4155690261620071,-0.3006595260689365
3,1.0,4.966810955837534,0.9851255051640405,0.02804144675542058,3.7415207878984447,NORMAL,0.20323301227941093,0.037915223642338555,0.1996649520980451
3,0.98,4.873913047083193,0.9572853082801586,0.46039865952955294,3.7415207878984447,NORMAL,0.9581516482548654,0.4725850480103447,0.8334974225818431
3,0.96,4.774589578444059,0.949625025697853,1.2482379035884628,3.7415207878984447,NORMAL,1.3763817009338546,0.9373201023069944,1.0078976200372616
3,0.94,4.676874339529573,0.9314566247982883,2.595591945390244,3.7415207878984447,NORMAL,1.9913497763680665,1.394530240905001,1.421534149798234
3,0.92,4.575939927812374,0.92481503945896,4.536595560900373,3.7415207878984447,ANOMALOUS,2.4409977576877933,1.8668029066958018,1.572741860760672
3,0.9,4.4825982326910925,0.896132040611484,6.728273362517655,3.7415207878984447,ANOMALOUS,3.203179128049793,2.3035492099077497,2.225762243346583
3,0.88,4.387004785482486,0.8627626902156083,9.581300499965922,3.7415207878984447,ANOMALOUS,4.0595738877329826,2.7508314734813686,2.9854759008352096
3,0.85,4.225372373015315,0.8479483278095237,15.180994576822636,3.7415207878984447,ANOMALOUS,4.831200903131062,3.5071104175539354,3.322751673763637
3,0.8,4.008058362777085,0.8007379344962566,24.982693883944002,3.7415207878984447,ANOMALOUS,6.309089644294849,4.523923862867844,4.397581724393918
3,0.75,3.7535720576304303,0.7466967165780194,39.56187136035239,3.7415207878984447,ANOMALOUS,8.020660026669795,5.714666679852841,5.627927860376181
3,0.7,3.4847574521381013,0.6930066690706088,58.55213074921631,3.7415207878984447,ANOMALOUS,9.774528353031304,6.972451692709178,6.850278966366973
3,0.65,3.2516996079181504,0.6569437136786823,77.92383063424322,3.7415207878984447,ANOMALOUS,11.129239019318971,8.062930623538055,7.671317416789906
3,0.6,3.0068142648751426,0.6032078874907152,101.40695173178611,3.7415207878984447,ANOMALOUS,12.803006091272696,9.20875048620347,8.894710757299142
4,1.1,5.4498338781815,1.090587334903282,9.903563241147213,3.631400470431647,ANOMALOUS,0.0,-3.0954048681838806,-2.50538592229819
4,1.08,5.346626678537044,1.0691433272490913,6.207372548691032,3.631400470431647,ANOMALOUS,0.0,-2.4420874339861136,-1.972453633111542
4,1.06,5.255572670722785,1.036172846671654,3.6788379857924305,3.631400470431647,ANOMALOUS,0.0,-1.865701571724897,-1.1530623153564479
4,1.04,5.169187302191355,1.0346656026032277,1.8813282414885308,3.631400470431647,NORMAL,0.0,-1.3188689135808371,-1.1156038773301753
4,1.02,5.064370278875419,1.0096434519498378,0.48597559307730215,3.631400470431647,NORMAL,0.0,-0.6553610481516728,-0.4937466087109739
4,1.0,4.972517824501284,0.9797427187749962,0.07548397329508519,3.631400470431647,NORMAL,0.24935451474499717,-0.07392089646453315,0.24935451474499717
4,0.98,4.858087700484796,0.9757797144297448,0.42478586966486764,3.631400470431647,NORMAL,0.7376089392755991,0.6504393737000133,0.34784417264057915
4,0.96,4.77190864024318,0.9395112295888396,1.4294452265116135,3.631400470431647,NORMAL,1.729402048431831,1.1959660686649571,1.2491983860549536
4,0.94,4.673809567272668,0.9183009444070886,3.296879738669457,3.631400470431647,NORMAL,2.5409882696345485,1.8169482760212348,1.7763221410216787
4,0.92,4.573915089070862,0.9215669552232728,5.893655566397445,3.631400470431647,ANOMALOUS,2.978690582880876,2.44929567440193,1.6951543551839772
4,0.9,4.476222052836753,0.8916940105829829,9.216251090726375,3.631400470431647,ANOMALOUS,3.9182333338611888,3.0677076068187636,2.437564870449043
4,0.88,4.374634561073945,0.8776877568104929,13.550269713390103,3.631400470431647,ANOMALOUS,4.6400093403622575,3.7107720412158023,2.785652084661705
4,0.85,4.233523023278572,0.8451032125924616,20.92800249444919,3.631400470431647,ANOMALOUS,5.841606386678272,4.60402976088814,3.595452007430592
4,0.8,3.985779808838438,0.7983948571002006,37.768876654051226,3.631400470431647,ANOMALOUS,7.7922452332867,6.172282380429397,4.756260715301475
4,0.75,3.736867035840126,0.7395859780489973,59.741265125193046,3.631400470431647,ANOMALOUS,9.93436079282309,7.7479384853767606,6.217794913697162
4,0.7,3.4971464364576734,0.6966278953013746,85.49478227007285,3.631400470431647,ANOMALOUS,11.786637640744473,9.265406718721156,7.285400827057581
4,0.65,3.261307309524221,0.6446735126237192,115.47311020833415,3.631400470431647,ANOMALOUS,13.758594867412938,10.758304634975019,8.576585224124848
4,0.6,2.990999514533566,0.6011893413944207,155.1205128306144,3.631400470431647,ANOMALOUS,15.77176524961359,12.469394517030908,9.657265630992987
5,1.1,5.438294512001639,1.1039194881988255,5.995068853861298,3.2163609315047546,ANOMALOUS,0.0,-2.123719106829247,-2.4374110925451298
5,1.08,5.350983144009069,1.0644827497460723,3.6372603765497202,3.2163609315047546,ANOMALOUS,0.0,-1.7188622365941475,-1.597803902047092
5,1.06,5.244034027387552,1.0363511038318105,1.811203036865051,3.2163609315047546,NORMAL,0.0,-1.2229464626770492,-0.9988818532966339
5,1.04,5.147657663986156,1.0230504798547433,0.6904862068350001,3.2163609315047546,NORMAL,0.0,-0.776055825771099,-0.7157118963633262
5,1.02,5.0712182798382335,1.006811344776261,0.18467698289146578,3.2163609315047546,NORMAL,0.0,-0.42161160458491875,-0.3699811104440667
5,1.0,4.956306170168818,1.0024713796518139,0.16555772314219702,3.2163609315047546,NORMAL,0.11122802606696619,0.11122802606696619,-0.27758335981968346
5,0.98,4.875940117727582,0.9757114896273628,0.37376576175418635,3.2163609315047546,NORMAL,0.5652274713548614,0.4838799408471511,0.29213403981728686
5,0.96,4.753997263360893,0.9582182372785911,1.6089754007236088,3.2163609315047546,NORMAL,1.242062967045622,1.0493206560886459,0.6645649515373705
5,0.94,4.678454871170127,0.9263098986826378,2.764658439440932,3.2163609315047546,NORMAL,1.9403461991057622,1.3996055866263128,1.3438926944769782
5,0.92,4.581174758355805,0.9146311809457875,4.6841128924408535,3.2163609315047546,ANOMALOUS,2.441557076937011,1.850686848043213,1.5925323074967992
5,0.9,4.483858297899621,0.9050160473462351,7.196934713376364,3.2163609315047546,ANOMALOUS,2.920441358183114,2.301936651001299,1.797238265050952
5,0.88,4.3826340418523975,0.8701238430826502,10.37494632855306,3.2163609315047546,ANOMALOUS,3.7592831826787543,2.7713066361175853,2.540092434574368
5,0.85,4.235094440283808,0.8404848225878495,16.018109992025593,3.2163609315047546,ANOMALOUS,4.689985714332053,3.4554377258042765,3.1711064510242015
5,0.8,3.993967754605835,0.7980102074677835,27.790660879022166,3.2163609315047546,ANOMALOUS,6.125842077465766,4.573525754181676,4.075389960959198
5,0.75,3.745643135369228,0.759502063661448,43.30383528241002,3.2163609315047546,ANOMALOUS,7.532513724346178,5.724990110518535,4.895227394302385
5,0.7,3.5073517353002392,0.708120849567347,61.49623154432187,3.2163609315047546,ANOMALOUS,9.083923339400247,6.829931112520476,5.989132177062497
5,0.65,3.250464147020052,0.6438853399839783,84.90614686108655,3.2163609315047546,ANOMALOUS,10.883894970552381,8.021101373444683,7.356704594241857
5,0.6,2.997785121018958,0.6068909013354621,111.0514350519593,3.2163609315047546,ANOMALOUS,12.28155728399629,9.1927568175509,8.144315282051267
6,1.1,5.4391919387281735,1.0833360443947984,6.357997659569232,4.389446214182586,ANOMALOUS,0.0,-3.0534342401554952,-2.5776922984220016
6,1.08,5.338636785864249,1.0660814830756435,3.9951492393289096,4.389446214182586,NORMAL,0.0,-2.4369836048989955,-2.119974733153298
6,1.06,5.256945223249478,1.0380575890440553,2.425651486858935,4.389446214182586,NORMAL,0.0,-1.9361756976491347,-1.3765754482785766
6,1.04,5.173616892581124,1.027084326570076,1.2606145048810462,4.389446214182586,NORMAL,0.0,-1.425333628273692,-1.0854840151357095
6,1.02,5.069986032598867,1.0112218678423912,0.3437688353311737,4.389446214182586,NORMAL,0.0,-0.7900274540123942,-0.6646952246405816
6,1.0,4.972841948986278,0.9892517182511708,0.005118715355066252,4.389446214182586,NORMAL,0.0,-0.19448828621430503,-0.08188565947829476
6,0.98,4.865707775303332,0.9753266414485404,0.24530598331905612,4.389446214182586,NORMAL,0.5444063512499094,0.4622948575983683,0.28750954752728486
6,0.96,4.776475689832128,0.946505001320859,0.9382298101422352,4.389446214182586,NORMAL,1.4579436611287955,1.0093297355466366,1.0520709120430012
6,0.94,4.679333879422215,0.9234175814077134,2.215171889935426,4.389446214182586,NORMAL,2.312181202943241,1.604854967537423,1.6645186837084502
6,0.92,4.578786359929616,0.9080349945123023,4.012908234502476,4.389446214182586,NORMAL,3.038020609774789,2.2212588066182066,2.07257775232618
6,0.9,4.471204803660566,0.8910974816218711,6.5552286444703505,4.389446214182586,ANOMALOUS,3.828684277068331,2.8807846172316554,2.521884867037295
6,0.88,4.395776707561633,0.8714800555483924,8.785758947885608,4.389446214182586,ANOMALOUS,4.520225110831027,3.3431945130158955,3.042282942253692
6,0.85,4.236815964971129,0.846925673068458,14.345645408319326,4.389446214182586,ANOMALOUS,5.682036668625544,4.317699030784048,3.6936453244960816
6,0.8,3.989493100012199,0.7915579222096639,25.962537888972694,4.389446214182586,ANOMALOUS,7.7900492643464645,5.833905141312356,5.162404318058995
6,0.75,3.745360786917044,0.747631339007181,40.57428550415473,4.389446214182586,ANOMALOUS,9.683814519930593,7.33055166024117,6.327659599959055
6,0.7,3.495799505284231,0.7020138765052917,58.897269419994075,4.389446214182586,ANOMALOUS,11.63297378989642,8.860480323431215,7.537769407092879
6,0.65,3.24556461036618,0.6567307710118314,80.68482679478005,4.389446214182586,ANOMALOUS,13.580011810792106,10.394538554582473,8.7390096131399
6,0.6,3.002206753500416,0.6069931639470643,105.30015804595047,4.389446214182586,ANOMALOUS,15.571098919545355,11.886437290618131,10.058415884147424
7,1.1,5.445851977238995,1.0916606202797803,8.525829479589579,5.231674305053083,ANOMALOUS,0.0,-2.9480817710783764,-3.4270718489887564
7,1.08,5.3601458212634,1.0520450553930019,5.506802051031345,5.231674305053083,ANOMALOUS,0.0,-2.3789967764268445,-2.0419642546420516
7,1.06,5.246379268184436,1.03499862951407,2.690321886774503,5.231674305053083,NORMAL,0.0,-1.6235920156661237,-1.445957760506289
7,1.04,5.160216611076033,1.021693280415477,1.2215598129331622,5.231674305053083,NORMAL,0.0,-1.0514758741644588,-0.9807532345941505
7,1.02,5.061845116350389,1.008551658587537,0.2465576220448968,5.231674305053083,NORMAL,0.0,-0.3982936037363344,-0.5212732234436013
7,1.0,4.961211376362107,0.9883755977700401,0.01856376896661701,5.231674305053083,NORMAL,0.32674932902618936,0.269909872794596,0.18415695639065596
7,0.98,4.877416134617044,0.9725713567972639,0.43163362284234597,5.231674305053083,NORMAL,1.1070485570574593,0.8263064834872047,0.736732042896203
7,0.96,4.770716839298509,0.9595557386567045,1.7246490048084382,5.231674305053083,NORMAL,1.943184920910443,1.5347849727448601,1.1918064961604646
7,0.94,4.672615576061727,0.934739109713437,3.735590777419437,5.231674305053083,NORMAL,3.0034719432405566,2.18617291832382,2.0594882094881526
7,0.92,4.568794183675407,0.9244815467283556,6.5958305750928785,5.231674305053083,ANOMALOUS,3.7571398452810083,2.875542262431464,2.41813078926032
7,0.9,4.474317972566392,0.8934533133259969,10.103229509569854,5.231674305053083,ANOMALOUS,4.953886405325146,3.5028600260350533,3.5029933135635583
7,0.88,4.387554513065302,0.8784479357420955,13.813229339843703,5.231674305053083,ANOMALOUS,5.7323485941796735,4.078965468218063,4.027637162689594
7,0.85,4.231713215844812,0.8376329955310164,22.265466869803888,5.231674305053083,ANOMALOUS,7.476891817595384,5.113744624810546,5.454679382351088
7,0.8,4.001485360347203,0.7980370822061224,37.735242770145206,5.231674305053083,ANOMALOUS,9.533907462772444,6.642447159921305,6.839099884952805
7,0.75,3.737797740917741,0.741785712795612,60.905166557174525,5.231674305053083,ANOMALOUS,12.165153401409428,8.393321012383206,8.805857122558255
7,0.7,3.4838341672490243,0.7132510826206999,87.3239716063702,5.231674305053083,ANOMALOUS,14.060873807091856,10.079627641327102,9.803533997041907
7,0.65,3.241090530231722,0.6536588118809517,118.5461622845738,5.231674305053083,ANOMALOUS,16.673116753361438,11.691434398977286,11.88710157968007
7,0.6,3.001762700489774,0.5995879705638326,153.81527031561222,5.231674305053083,ANOMALOUS,19.136250433488822,13.2805603509969,13.77761943939265
8,1.1,5.440470314707852,1.088399064833874,7.549596123904642,2.776996380492773,ANOMALOUS,0.0,-2.711125632695958,-3.673662362486599
8,1.08,5.345258150869628,1.0536102618698493,4.968779455050642,2.776996380492773,ANOMALOUS,0.0,-2.2151384230255715,-2.4974894110335217
8,1.06,5.237003865450289,1.0409814959167547,2.7354396647188866,2.776996380492773,NORMAL,0.0,-1.6512110969831801,-2.0705240756748537
8,1.04,5.161223802369328,1.027940860716765,1.5699425203106034,2.776996380492773,NORMAL,0.0,-1.2564512205031715,-1.6296338729318645
8,1.02,5.059976051503949,1.0006546581856048,0.520434334480831,2.776996380492773,NORMAL,0.0,-0.7290229233955998,-0.7071159754862683
8,1.0,4.969447729127847,0.9849328856041241,0.06280547724174229,2.776996380492773,NORMAL,0.0,-0.25743517450507,-0.17557932910161006
8,0.98,4.877504814219433,0.9634744681491272,0.10328579441258028,2.776996380492773,NORMAL,0.5928488971883703,0.22152158874914477,0.5499072654689349
8,0.96,4.772280584821911,0.943552574126603,0.7074904469358164,2.776996380492773,NORMAL,1.4454074168241358,0.7696644921839412,1.223445613863345
8,0.94,4.658543419829364,0.9261156670352851,2.0304391431566606,2.776996380492773,NORMAL,2.267668376139739,1.362153695520653,1.812969159672516
8,0.92,4.594986991245718,0.9157518740829788,3.0943689504962455,2.776996380492773,ANOMALOUS,2.747211419456835,1.6932371873671272,2.163358132744345
8,0.9,4.490206181860296,0.8839635262395517,5.493309879880557,2.776996380492773,ANOMALOUS,3.9368330760046097,2.239070189990433,3.238088842607646
8,0.88,4.378915680136894,0.870958295657852,8.477049597057807,2.776996380492773,ANOMALOUS,4.63376664887362,2.818814029300676,3.6777820523287064
8,0.85,4.240071334473218,0.8483034973155045,13.275367665390037,2.776996380492773,ANOMALOUS,5.682697300331909,3.54209366929758,4.443717030271119
8,0.8,3.983510888779124,0.8065265300275285,25.01663376770736,2.776996380492773,ANOMALOUS,7.622018207405685,4.878589915594614,5.856152490285948
8,0.75,3.7515706101503477,0.7555845703171408,38.908570814935075,2.776996380492773,ANOMALOUS,9.720205112897307,6.086832717456816,7.578446734423369
8,0.7,3.494446021464955,0.7003175008692714,57.9104363500785,2.776996380492773,ANOMALOUS,12.01643310808661,7.426267744859429,9.446968403820373
8,0.65,3.2518715431787246,0.6435458792182827,79.44349302461974,2.776996380492773,ANOMALOUS,14.307640137998524,8.68990711374158,11.366357405651552
8,0.6,2.9965127622483023,0.6040848270345635,105.17739243103271,2.776996380492773,ANOMALOUS,16.177324554249676,10.020143546911106,12.700494204275092
9,1.1,5.425610565086317,1.0763570462711924,6.060611864163539,3.7992290845369663,ANOMALOUS,0.0,-2.1888034880479377,-2.031206469085085
9,1.08,5.354581245022267,1.0580225833226107,4.1920791318729655,3.7992290845369663,ANOMALOUS,0.0,-1.8241788131413281,-1.6052772258609487
9,1.06,5.260368298104119,1.0553569757149743,2.371232955994823,3.7992290845369663,NORMAL,0.0,-1.3405424062174487,-1.543352301512899
9,1.04,5.158901094086929,1.0247175276005613,0.8399787013740778,3.7992290845369663,NORMAL,0.0,-0.8196667136852879,-0.8315650522885306
9,1.02,5.073527848161232,1.0062600989924875,0.18062081757055304,3.7992290845369663,NORMAL,0.0,-0.3814083717314499,-0.40277918487873315
9,1.0,4.979422498026028,0.9982060103962043,0.04102525555091928,3.7992290845369663,NORMAL,0.10167569368097318,0.10167569368097318,-0.21567406648526471
9,0.98,4.8693453925476256,0.967436235947001,0.5870307429986954,3.7992290845369663,NORMAL,0.8328846397300473,0.6667497893295025,0.49914080330835986
9,0.96,4.755055705742876,0.9570302051625811,2.0311782361926944,3.7992290845369663,NORMAL,1.456036872037021,1.2534489138428981,0.7408840618594861
9,0.94,4.6784212690597045,0.9316542924701767,3.4920726362706143,3.7992290845369663,NORMAL,2.1170859468102345,1.646847112460813,1.3303937365911152
9,0.92,4.577229630161084,0.9146664225356754,6.007049813972492,3.7992290845369663,ANOMALOUS,2.7692336257863177,2.1663082082928566,1.7250401794939816
9,0.9,4.489003428665907,0.8991150221436776,8.763719005199718,3.7992290845369663,ANOMALOUS,3.3485796440352025,2.619212023357053,2.086315893902162
9,0.88,4.390803030948931,0.8697002000284474,12.60205504319709,3.7992290845369663,ANOMALOUS,4.174457552135004,3.1233177653374606,2.769653767405662
9,0.85,4.238817301427141,0.8466897009980359,19.499942180949294,3.7992290845369663,ANOMALOUS,5.11422956028916,3.903527222042863,3.304212345189967
9,0.8,3.9995774741766987,0.7831468668347135,34.18243285080191,3.7992290845369663,ANOMALOUS,7.013264046367589,5.131650258519132,4.7803805505746935
9,0.75,3.7544410606773386,0.7520128987051181,52.19220948681859,3.7992290845369663,ANOMALOUS,8.433438208182965,6.390043060243493,5.503656030265179
9,0.7,3.5063791960943202,0.69386018156829,75.39399202658102,3.7992290845369663,ANOMALOUS,10.281738336905052,7.663453486371019,6.854606034690176
9,0.65,3.2482332325317076,0.6622138445778816,102.93610562537692,3.7992290845369663,ANOMALOUS,11.764365547574556,8.988630018507232,7.589784392678747
9,0.6,3.0099771028485374,0.5963132091239696,133.67285425304885,3.7992290845369663,ANOMALOUS,13.69184219380631,10.211703303622379,9.120726851456666
