tau,mean_auc,mean_tau63,mean_mahalanobis,mean_directional,std_directional,mean_auc_direction,mean_tau63_direction,mahalanobis_anomaly_rate
1.1,5.442512257954869,1.0839498019931415,7.188654937595686,0.0,0.0,-2.6804616332629783,-2.5047918897602695,1.0
1.08,5.3461510229161044,1.0604860988712683,4.500065727335968,0.0,0.0,-2.135447812310619,-1.8603679540881348,0.7
1.06,5.2468130394972885,1.0439998404115773,2.4880148307073373,0.0,0.0,-1.5739438893179472,-1.4334751156986747,0.2
1.04,5.161090246837732,1.026273283502005,1.1628052327040104,0.0,0.0,-1.0912092402401679,-0.9672166958452177,0.0
1.02,5.065504843218539,1.0061225739514745,0.30583478589757496,0.0,0.0,-0.5482776442282179,-0.4257443047229539,0.0
1.0,4.968998336307689,0.9907085826129114,0.05872999736502983,0.13415840635593898,0.13218397746661112,-0.004910373503129101,-0.01633061810427755,0.0
0.98,4.870628895628236,0.9684469625262644,0.38865228556319675,0.8104844537388656,0.19255575667786298,0.5530109872457005,0.5676100209218776,0.0
0.96,4.770825243623328,0.9521577702751864,1.3790249772449568,1.5101677001203195,0.19738846210117644,1.1123290078468528,1.0026054213462168,0.0
0.94,4.6747394732417344,0.9298973941286702,2.9315665954300223,2.3033346468020697,0.3168094262374505,1.6578717182630054,1.5883154219820206,0.2
0.92,4.581752608461547,0.9167836742579573,5.011273741810422,2.927659088994788,0.37723370564454095,2.184254199789399,1.9361293099199617,0.9
0.9,4.481669762497629,0.8949588057508322,7.899174827666812,3.75383078908526,0.5456385878667751,2.7510554674640773,2.5336753222845836,1.0
0.88,4.383749755506851,0.8722888003926432,11.32393948167029,4.549180276434895,0.5251865070755779,3.3017504417095074,3.1122757989084944,1.0
0.85,4.234292513936376,0.8434957795750775,17.78125783299327,5.6949616517513055,0.7747885370905956,4.1456454770640025,3.887034658412675,1.0
0.8,3.9932184953281706,0.7986706924341928,31.242275084155665,7.497257529080104,0.9388503580873616,5.508927838694492,5.065066482509377,1.0
0.75,3.7467006684266977,0.7487506617644176,48.89176237388576,9.43733994689732,1.2806865065617346,6.902443961956656,6.406816237486358,1.0
0.7,3.4952241058975515,0.7007645038478382,70.84998421094204,11.33487828189422,1.3778452989109786,8.321955805711369,7.661353620079642,1.0
0.65,3.2509227240027014,0.6513854331234104,96.22473753333482,13.25943480433375,1.6982151999900597,9.70044088612169,8.99116069885056,1.0
0.6,2.9994435881335435,0.602589261702661,126.41534726619037,15.183314525421384,1.9440592695384253,11.121941997702034,10.283994967802924,1.0
