seed,tau,auc,tau63,score,threshold,decision
0,1.1,5.4416505216189535,1.0834556029774602,9.170488829551374,3.368493680169945,ANOMALOUS
0,1.08,5.33708254775405,1.0590516325551118,5.491394342627163,3.368493680169945,ANOMALOUS
0,1.06,5.230293483914597,1.0588880810189627,3.0829075488525968,3.368493680169945,NORMAL
0,1.04,5.158777963462658,1.0191248002743527,1.4240082050730138,3.368493680169945,NORMAL
0,1.02,5.061314656715462,0.9925189674700641,0.4477436111854974,3.368493680169945,NORMAL
0,1.0,4.972580858855754,1.0031716065798582,0.1316404513496649,3.368493680169945,NORMAL
0,0.98,4.877498552279403,0.9627499198592763,0.48165338423722714,3.368493680169945,NORMAL
0,0.96,4.770145041785723,0.9532681412712742,1.781599631807786,3.368493680169945,NORMAL
0,0.94,4.687661388982386,0.9413858872913745,3.5045081059038945,3.368493680169945,ANOMALOUS
0,0.92,4.599317199589373,0.9125446743135053,6.03286140843135,3.368493680169945,ANOMALOUS
0,0.9,4.474252832526456,0.8998626713533802,10.58813898321733,3.368493680169945,ANOMALOUS
0,0.88,4.393100998757989,0.8738354511137881,14.372143929611312,3.368493680169945,ANOMALOUS
0,0.85,4.241141871769665,0.84060748762163,22.90452473286396,3.368493680169945,ANOMALOUS
0,0.8,3.983166382208249,0.8048842396583715,41.476434574743536,3.368493680169945,ANOMALOUS
0,0.75,3.7510630409728845,0.7421193441558029,63.58528968909745,3.368493680169945,ANOMALOUS
0,0.7,3.4948540893152926,0.700801319391835,92.56673742900512,3.368493680169945,ANOMALOUS
0,0.65,3.2569215618442127,0.6458094987907194,125.04012259644276,3.368493680169945,ANOMALOUS
0,0.6,3.0002307622008986,0.5991188023494867,164.92917876222936,3.368493680169945,ANOMALOUS
1,1.1,5.45345825521864,1.0785417927002832,7.2682284278207385,2.5414974825915455,ANOMALOUS
1,1.08,5.346248760278934,1.0652330534946572,4.4089372768198025,2.5414974825915455,ANOMALOUS
1,1.06,5.253512983946239,1.055780477623006,2.578538585301012,2.5414974825915455,ANOMALOUS
1,1.04,5.159823435979288,1.0281913805906764,1.089186969902938,2.5414974825915455,NORMAL
1,1.02,5.063494202227055,1.0189129371373318,0.32232912265345093,2.5414974825915455,NORMAL
1,1.0,4.975886158207716,0.9812028972030303,0.039152069204011326,2.5414974825915455,NORMAL
1,0.98,4.871224766509942,0.964907158381038,0.3737428448912593,2.5414974825915455,NORMAL
1,0.96,4.771368543882058,0.9574495271955519,1.3392176835727132,2.5414974825915455,NORMAL
1,0.94,4.67067130347694,0.9429542576184946,2.9891616837748263,2.5414974825915455,ANOMALOUS
1,0.92,4.582214084619521,0.9199490741443173,4.943268693906241,2.5414974825915455,ANOMALOUS
1,0.9,4.482366816407323,0.8951738485319847,7.799584441561091,2.5414974825915455,ANOMALOUS
1,0.88,4.379472573951646,0.8772582195385932,11.372549158490108,2.5414974825915455,ANOMALOUS
1,0.85,4.225395569302928,0.8400573905728234,18.111617688903507,2.5414974825915455,ANOMALOUS
1,0.8,3.991098253998353,0.8013992305296876,31.027699502658777,2.5414974825915455,ANOMALOUS
1,0.75,3.755134909441432,0.7509889060548549,47.779909181656635,2.5414974825915455,ANOMALOUS
1,0.7,3.50013160530555,0.6973439684653373,69.9292890594185,2.5414974825915455,ANOMALOUS
1,0.65,3.2423725752719554,0.6549831286060598,96.1997135237481,2.5414974825915455,ANOMALOUS
1,0.6,2.9948182566383053,0.6074499297867981,125.62152868173935,2.5414974825915455,ANOMALOUS
2,1.1,5.442181206864401,1.0672612034875937,5.764902124173086,3.9690086512545193,ANOMALOUS
2,1.08,5.346894830343137,1.056183194663789,3.624294324386938,3.9690086512545193,NORMAL
2,1.06,5.237380697943396,1.0506357725221211,1.8396314127495788,3.9690086512545193,NORMAL
2,1.04,5.157387444202928,1.0361780763567472,0.8963512233906952,3.9690086512545193,NORMAL
2,1.02,5.065586070463469,0.9995492026986705,0.20419600496258955,3.9690086512545193,NORMAL
2,1.0,4.962957843003523,0.9946055067338342,0.019911092789574345,3.9690086512545193,NORMAL
2,0.98,4.859650655510007,0.9692273323431293,0.4049201919821961,3.9690086512545193,NORMAL
2,0.96,4.791714548821938,0.9568620224530062,0.9812264281662001,3.9690086512545193,NORMAL
2,0.94,4.6710091176126465,0.9226396778622069,2.6915915943387323,3.9690086512545193,NORMAL
2,0.92,4.585167860155701,0.9113949806344165,4.312085721963862,3.9690086512545193,ANOMALOUS
2,0.9,4.4926670058618905,0.8940800957511584,6.547078646148823,3.9690086512545193,ANOMALOUS
2,0.88,4.3676006622372885,0.8706335561885127,10.31009225870822,3.9690086512545193,ANOMALOUS
2,0.85,4.234980044997172,0.841204687653472,15.282906720405283,3.9690086512545193,ANOMALOUS
2,0.8,3.996047567538521,0.804012053811599,26.479538069509818,3.9690086512545193,ANOMALOUS
2,0.75,3.735556306350408,0.7515990883200024,42.36522073706518,3.9690086512545193,ANOMALOUS
2,0.7,3.4875408503661283,0.702301695118326,60.935001654362054,3.9690086512545193,ANOMALOUS
2,0.65,3.259702122140092,0.6514098308619973,81.09386378014283,3.9690086512545193,ANOMALOUS
2,0.6,2.9933286429815347,0.6010565840002965,108.05819055793091,3.9690086512545193,ANOMALOUS
3,1.1,5.4485794099022105,1.0759798218843244,5.290262772176167,3.7415207878984447,ANOMALOUS
3,1.08,5.335052265219273,1.0610076473428558,2.9685885270011556,3.7415207878984447,NORMAL
3,1.06,5.2466398760699855,1.0327754322583635,1.6663837431655564,3.7415207878984447,NORMAL
3,1.04,5.164110258441527,1.020086500037424,0.7545959408510376,3.7415207878984447,NORMAL
3,1.02,5.0637298954513135,1.0071015518745574,0.12204493477798915,3.7415207878984447,NORMAL
3,1.0,4.966810955837534,0.9851255051640405,0.02804144675542058,3.7415207878984447,NORMAL
3,0.98,4.873913047083193,0.9572853082801586,0.46039865952955294,3.7415207878984447,NORMAL
3,0.96,4.774589578444059,0.949625025697853,1.2482379035884628,3.7415207878984447,NORMAL
3,0.94,4.676874339529573,0.9314566247982883,2.595591945390244,3.7415207878984447,NORMAL
3,0.92,4.575939927812374,0.92481503945896,4.536595560900373,3.7415207878984447,ANOMALOUS
3,0.9,4.4825982326910925,0.896132040611484,6.728273362517655,3.7415207878984447,ANOMALOUS
3,0.88,4.387004785482486,0.8627626902156083,9.581300499965922,3.7415207878984447,ANOMALOUS
3,0.85,4.225372373015315,0.8479483278095237,15.180994576822636,3.7415207878984447,ANOMALOUS
3,0.8,4.008058362777085,0.8007379344962566,24.982693883944002,3.7415207878984447,ANOMALOUS
3,0.75,3.7535720576304303,0.7466967165780194,39.56187136035239,3.7415207878984447,ANOMALOUS
3,0.7,3.4847574521381013,0.6930066690706088,58.55213074921631,3.7415207878984447,ANOMALOUS
3,0.65,3.2516996079181504,0.6569437136786823,77.92383063424322,3.7415207878984447,ANOMALOUS
3,0.6,3.0068142648751426,0.6032078874907152,101.40695173178611,3.7415207878984447,ANOMALOUS
4,1.1,5.4498338781815,1.090587334903282,9.903563241147213,3.631400470431647,ANOMALOUS
4,1.08,5.346626678537044,1.0691433272490913,6.207372548691032,3.631400470431647,ANOMALOUS
4,1.06,5.255572670722785,1.036172846671654,3.6788379857924305,3.631400470431647,ANOMALOUS
4,1.04,5.169187302191355,1.0346656026032277,1.8813282414885308,3.631400470431647,NORMAL
4,1.02,5.064370278875419,1.0096434519498378,0.48597559307730215,3.631400470431647,NORMAL
4,1.0,4.972517824501284,0.9797427187749962,0.07548397329508519,3.631400470431647,NORMAL
4,0.98,4.858087700484796,0.9757797144297448,0.42478586966486764,3.631400470431647,NORMAL
4,0.96,4.77190864024318,0.9395112295888396,1.4294452265116135,3.631400470431647,NORMAL
4,0.94,4.673809567272668,0.9183009444070886,3.296879738669457,3.631400470431647,NORMAL
4,0.92,4.573915089070862,0.9215669552232728,5.893655566397445,3.631400470431647,ANOMALOUS
4,0.9,4.476222052836753,0.8916940105829829,9.216251090726375,3.631400470431647,ANOMALOUS
4,0.88,4.374634561073945,0.8776877568104929,13.550269713390103,3.631400470431647,ANOMALOUS
4,0.85,4.233523023278572,0.8451032125924616,20.92800249444919,3.631400470431647,ANOMALOUS
4,0.8,3.985779808838438,0.7983948571002006,37.768876654051226,3.631400470431647,ANOMALOUS
4,0.75,3.736867035840126,0.7395859780489973,59.741265125193046,3.631400470431647,ANOMALOUS
4,0.7,3.4971464364576734,0.6966278953013746,85.49478227007285,3.631400470431647,ANOMALOUS
4,0.65,3.261307309524221,0.6446735126237192,115.47311020833415,3.631400470431647,ANOMALOUS
4,0.6,2.990999514533566,0.6011893413944207,155.1205128306144,3.631400470431647,ANOMALOUS
5,1.1,5.438294512001639,1.1039194881988255,5.995068853861298,3.2163609315047546,ANOMALOUS
5,1.08,5.350983144009069,1.0644827497460723,3.6372603765497202,3.2163609315047546,ANOMALOUS
5,1.06,5.244034027387552,1.0363511038318105,1.811203036865051,3.2163609315047546,NORMAL
5,1.04,5.147657663986156,1.0230504798547433,0.6904862068350001,3.2163609315047546,NORMAL
5,1.02,5.0712182798382335,1.006811344776261,0.18467698289146578,3.2163609315047546,NORMAL
5,1.0,4.956306170168818,1.0024713796518139,0.16555772314219702,3.2163609315047546,NORMAL
5,0.98,4.875940117727582,0.9757114896273628,0.37376576175418635,3.2163609315047546,NORMAL
5,0.96,4.753997263360893,0.9582182372785911,1.6089754007236088,3.2163609315047546,NORMAL
5,0.94,4.678454871170127,0.9263098986826378,2.764658439440932,3.2163609315047546,NORMAL
5,0.92,4.581174758355805,0.9146311809457875,4.6841128924408535,3.2163609315047546,ANOMALOUS
5,0.9,4.483858297899621,0.9050160473462351,7.196934713376364,3.2163609315047546,ANOMALOUS
5,0.88,4.3826340418523975,0.8701238430826502,10.37494632855306,3.2163609315047546,ANOMALOUS
5,0.85,4.235094440283808,0.8404848225878495,16.018109992025593,3.2163609315047546,ANOMALOUS
5,0.8,3.993967754605835,0.7980102074677835,27.790660879022166,3.2163609315047546,ANOMALOUS
5,0.75,3.745643135369228,0.759502063661448,43.30383528241002,3.2163609315047546,ANOMALOUS
5,0.7,3.5073517353002392,0.708120849567347,61.49623154432187,3.2163609315047546,ANOMALOUS
5,0.65,3.250464147020052,0.6438853399839783,84.90614686108655,3.2163609315047546,ANOMALOUS
5,0.6,2.997785121018958,0.6068909013354621,111.0514350519593,3.2163609315047546,ANOMALOUS
6,1.1,5.4391919387281735,1.0833360443947984,6.357997659569232,4.389446214182586,ANOMALOUS
6,1.08,5.338636785864249,1.0660814830756435,3.9951492393289096,4.389446214182586,NORMAL
6,1.06,5.256945223249478,1.0380575890440553,2.425651486858935,4.389446214182586,NORMAL
6,1.04,5.173616892581124,1.027084326570076,1.2606145048810462,4.389446214182586,NORMAL
6,1.02,5.069986032598867,1.0112218678423912,0.3437688353311737,4.389446214182586,NORMAL
6,1.0,4.972841948986278,0.9892517182511708,0.005118715355066252,4.389446214182586,NORMAL
6,0.98,4.865707775303332,0.9753266414485404,0.24530598331905612,4.389446214182586,NORMAL
6,0.96,4.776475689832128,0.946505001320859,0.9382298101422352,4.389446214182586,NORMAL
6,0.94,4.679333879422215,0.9234175814077134,2.215171889935426,4.389446214182586,NORMAL
6,0.92,4.578786359929616,0.9080349945123023,4.012908234502476,4.389446214182586,NORMAL
6,0.9,4.471204803660566,0.8910974816218711,6.5552286444703505,4.389446214182586,ANOMALOUS
6,0.88,4.395776707561633,0.8714800555483924,8.785758947885608,4.389446214182586,ANOMALOUS
6,0.85,4.236815964971129,0.846925673068458,14.345645408319326,4.389446214182586,ANOMALOUS
6,0.8,3.989493100012199,0.7915579222096639,25.962537888972694,4.389446214182586,ANOMALOUS
6,0.75,3.745360786917044,0.747631339007181,40.57428550415473,4.389446214182586,ANOMALOUS
6,0.7,3.495799505284231,0.7020138765052917,58.897269419994075,4.389446214182586,ANOMALOUS
6,0.65,3.24556461036618,0.6567307710118314,80.68482679478005,4.389446214182586,ANOMALOUS
6,0.6,3.002206753500416,0.6069931639470643,105.30015804595047,4.389446214182586,ANOMALOUS
7,1.1,5.445851977238995,1.0916606202797803,8.525829479589579,5.231674305053083,ANOMALOUS
7,1.08,5.3601458212634,1.0520450553930019,5.506802051031345,5.231674305053083,ANOMALOUS
7,1.06,5.246379268184436,1.03499862951407,2.690321886774503,5.231674305053083,NORMAL
7,1.04,5.160216611076033,1.021693280415477,1.2215598129331622,5.231674305053083,NORMAL
7,1.02,5.061845116350389,1.008551658587537,0.2465576220448968,5.231674305053083,NORMAL
7,1.0,4.961211376362107,0.9883755977700401,0.01856376896661701,5.231674305053083,NORMAL
7,0.98,4.877416134617044,0.9725713567972639,0.43163362284234597,5.231674305053083,NORMAL
7,0.96,4.770716839298509,0.9595557386567045,1.7246490048084382,5.231674305053083,NORMAL
7,0.94,4.672615576061727,0.934739109713437,3.735590777419437,5.231674305053083,NORMAL
7,0.92,4.568794183675407,0.9244815467283556,6.5958305750928785,5.231674305053083,ANOMALOUS
7,0.9,4.474317972566392,0.8934533133259969,10.103229509569854,5.231674305053083,ANOMALOUS
7,0.88,4.387554513065302,0.8784479357420955,13.813229339843703,5.231674305053083,ANOMALOUS
7,0.85,4.231713215844812,0.8376329955310164,22.265466869803888,5.231674305053083,ANOMALOUS
7,0.8,4.001485360347203,0.7980370822061224,37.735242770145206,5.231674305053083,ANOMALOUS
7,0.75,3.737797740917741,0.741785712795612,60.905166557174525,5.231674305053083,ANOMALOUS
7,0.7,3.4838341672490243,0.7132510826206999,87.3239716063702,5.231674305053083,ANOMALOUS
7,0.65,3.241090530231722,0.6536588118809517,118.5461622845738,5.231674305053083,ANOMALOUS
7,0.6,3.001762700489774,0.5995879705638326,153.81527031561222,5.231674305053083,ANOMALOUS
8,1.1,5.440470314707852,1.088399064833874,7.549596123904642,2.776996380492773,ANOMALOUS
8,1.08,5.345258150869628,1.0536102618698493,4.968779455050642,2.776996380492773,ANOMALOUS
8,1.06,5.237003865450289,1.0409814959167547,2.7354396647188866,2.776996380492773,NORMAL
8,1.04,5.161223802369328,1.027940860716765,1.5699425203106034,2.776996380492773,NORMAL
8,1.02,5.059976051503949,1.0006546581856048,0.520434334480831,2.776996380492773,NORMAL
8,1.0,4.969447729127847,0.9849328856041241,0.06280547724174229,2.776996380492773,NORMAL
8,0.98,4.877504814219433,0.9634744681491272,0.10328579441258028,2.776996380492773,NORMAL
8,0.96,4.772280584821911,0.943552574126603,0.7074904469358164,2.776996380492773,NORMAL
8,0.94,4.658543419829364,0.9261156670352851,2.0304391431566606,2.776996380492773,NORMAL
8,0.92,4.594986991245718,0.9157518740829788,3.0943689504962455,2.776996380492773,ANOMALOUS
8,0.9,4.490206181860296,0.8839635262395517,5.493309879880557,2.776996380492773,ANOMALOUS
8,0.88,4.378915680136894,0.870958295657852,8.477049597057807,2.776996380492773,ANOMALOUS
8,0.85,4.240071334473218,0.8483034973155045,13.275367665390037,2.776996380492773,ANOMALOUS
8,0.8,3.983510888779124,0.8065265300275285,25.01663376770736,2.776996380492773,ANOMALOUS
8,0.75,3.7515706101503477,0.7555845703171408,38.908570814935075,2.776996380492773,ANOMALOUS
8,0.7,3.494446021464955,0.7003175008692714,57.9104363500785,2.776996380492773,ANOMALOUS
8,0.65,3.2518715431787246,0.6435458792182827,79.44349302461974,2.776996380492773,ANOMALOUS
8,0.6,2.9965127622483023,0.6040848270345635,105.17739243103271,2.776996380492773,ANOMALOUS
9,1.1,5.425610565086317,1.0763570462711924,6.060611864163539,3.7992290845369663,ANOMALOUS
9,1.08,5.354581245022267,1.0580225833226107,4.1920791318729655,3.7992290845369663,ANOMALOUS
9,1.06,5.260368298104119,1.0553569757149743,2.371232955994823,3.7992290845369663,NORMAL
9,1.04,5.158901094086929,1.0247175276005613,0.8399787013740778,3.7992290845369663,NORMAL
9,1.02,5.073527848161232,1.0062600989924875,0.18062081757055304,3.7992290845369663,NORMAL
9,1.0,4.979422498026028,0.9982060103962043,0.04102525555091928,3.7992290845369663,NORMAL
9,0.98,4.8693453925476256,0.967436235947001,0.5870307429986954,3.7992290845369663,NORMAL
9,0.96,4.755055705742876,0.9570302051625811,2.0311782361926944,3.7992290845369663,NORMAL
9,0.94,4.6784212690597045,0.9316542924701767,3.4920726362706143,3.7992290845369663,NORMAL
9,0.92,4.577229630161084,0.9146664225356754,6.007049813972492,3.7992290845369663,ANOMALOUS
9,0.9,4.489003428665907,0.8991150221436776,8.763719005199718,3.7992290845369663,ANOMALOUS
9,0.88,4.390803030948931,0.8697002000284474,12.60205504319709,3.7992290845369663,ANOMALOUS
9,0.85,4.238817301427141,0.8466897009980359,19.499942180949294,3.7992290845369663,ANOMALOUS
9,0.8,3.9995774741766987,0.7831468668347135,34.18243285080191,3.7992290845369663,ANOMALOUS
9,0.75,3.7544410606773386,0.7520128987051181,52.19220948681859,3.7992290845369663,ANOMALOUS
9,0.7,3.5063791960943202,0.69386018156829,75.39399202658102,3.7992290845369663,ANOMALOUS
9,0.65,3.2482332325317076,0.6622138445778816,102.93610562537692,3.7992290845369663,ANOMALOUS
9,0.6,3.0099771028485374,0.5963132091239696,133.67285425304885,3.7992290845369663,ANOMALOUS
