tau,mean_auc,std_auc,mean_tau63,std_tau63,mean_score,std_score,min_score,max_score,mean_threshold,anomaly_rate
1.1,5.442512257954869,0.007752332090464233,1.0839498019931415,0.010282915749478936,7.188654937595686,1.5720165472648493,5.290262772176167,9.903563241147213,3.666562798811627,1.0
1.08,5.3461510229161044,0.007843908558653894,1.0604860988712683,0.005678464907600298,4.500065727335968,1.0190284820897006,2.9685885270011556,6.207372548691032,3.666562798811627,0.7
1.06,5.2468130394972885,0.009854791891740468,1.0439998404115773,0.010025845111805067,2.4880148307073373,0.619442309595586,1.6663837431655564,3.6788379857924305,3.666562798811627,0.2
1.04,5.161090246837732,0.006978296424805498,1.026273283502005,0.00576207922155273,1.1628052327040104,0.3849439031987477,0.6904862068350001,1.8813282414885308,3.666562798811627,0.0
1.02,5.065504843218539,0.004559468499366846,1.0061225739514745,0.007207329298640384,0.30583478589757496,0.14076518312500286,0.12204493477798915,0.520434334480831,3.666562798811627,0.0
1.0,4.968998336307689,0.007143776114044428,0.9907085826129114,0.008483911101185248,0.05872999736502983,0.05234325346307994,0.005118715355066252,0.16555772314219702,3.666562798811627,0.0
0.98,4.870628895628236,0.007329961211612429,0.9684469625262644,0.0063840817168108925,0.38865228556319675,0.1329137279052044,0.10328579441258028,0.5870307429986954,3.666562798811627,0.0
0.96,4.770825243623328,0.010637363096424365,0.9521577702751864,0.006983459870316996,1.3790249772449568,0.4195815590864569,0.7074904469358164,2.0311782361926944,3.666562798811627,0.0
0.94,4.6747394732417344,0.007587674945241211,0.9298973941286702,0.008081109034457582,2.9315665954300223,0.5724442842123697,2.0304391431566606,3.735590777419437,3.666562798811627,0.2
0.92,4.581752608461547,0.009358687389060759,0.9167836742579573,0.005680245803573464,5.011273741810422,1.0965465600046032,3.0943689504962455,6.5958305750928785,3.666562798811627,0.9
0.9,4.481669762497629,0.0074683232855378085,0.8949588057508322,0.005709605807069972,7.899174827666812,1.6953243880638773,5.493309879880557,10.58813898321733,3.666562798811627,1.0
0.88,4.383749755506851,0.008779400051818027,0.8722888003926432,0.004731334616837842,11.32393948167029,2.149754771501439,8.477049597057807,14.372143929611312,3.666562798811627,1.0
0.85,4.234292513936376,0.005520016039559374,0.8434957795750775,0.003892163497874511,17.78125783299327,3.4567053425541108,13.275367665390037,22.90452473286396,3.666562798811627,1.0
0.8,3.9932184953281706,0.00820944596528958,0.7986706924341928,0.006936740778069468,31.242275084155665,6.133674304111591,24.982693883944002,41.476434574743536,3.666562798811627,1.0
0.75,3.7467006684266977,0.007630972143497163,0.7487506617644176,0.006394514135774982,48.89176237388576,9.543901951119945,38.908570814935075,63.58528968909745,3.666562798811627,1.0
0.7,3.4952241058975515,0.008155991039019001,0.7007645038478382,0.006243403514665802,70.84998421094204,13.442517478141761,57.9104363500785,92.56673742900512,3.666562798811627,1.0
0.65,3.2509227240027014,0.006898771441637645,0.6513854331234104,0.006571696859502934,96.22473753333482,18.132816718920587,77.92383063424322,125.04012259644276,3.666562798811627,1.0
0.6,2.9994435881335435,0.005966049260537885,0.602589261702661,0.0037843760187530975,126.41534726619037,24.052525565797254,101.40695173178611,164.92917876222936,3.666562798811627,1.0
